Type,Name,Request Count,Failure Count,Median Response Time,Average Response Time,Min Response Time,Max Response Time,Average Content Size,Requests/s,Failures/s,50%,66%,75%,80%,90%,95%,98%,99%,99.9%,99.99%,100%
POST,/tecnicos,840,0,8,22.4239689286194,3.8357999874278903,732.4007999850437,63.0,6.992510825711939,0.0,8,11,17,23,49,88,150,210,730,730,730
POST,/usuarios,840,0,9,27.30221714231274,4.540099995210767,607.4640000006184,71.0,6.992510825711939,0.0,9,12,19,28,67,110,190,260,610,610,610
GET,GET /tickets,1647,0,9,26.25846041266229,4.532599996309727,792.0730999903753,1050.7577413479053,13.710315868985194,0.0,9,13,20,28,66,100,170,240,580,790,790
POST,POST /tickets,838,0,10,26.666855012016097,5.696400010492653,399.2737000226043,208.95823389021479,6.975861990412625,0.0,10,15,21,28,65,120,180,220,400,400,400
POST,POST /usuarios,841,0,9,29.822506303231783,4.35150001430884,1021.348099980969,70.0,7.000835243361596,0.0,9,12,18,31,75,130,220,290,1000,1000,1000
,Aggregated,5006,0,9,26.457297822677827,3.8357999874278903,1021.348099980969,414.92908509788253,41.672034754183294,0.0,9,13,19,27,65,110,180,240,590,1000,1000
