Type,Name,Request Count,Failure Count,Median Response Time,Average Response Time,Min Response Time,Max Response Time,Average Content Size,Requests/s,Failures/s,50%,66%,75%,80%,90%,95%,98%,99%,99.9%,99.99%,100%
POST,/tecnicos,174,0,15,38.444374712222874,5.225099972449243,295.3051000076812,61.68390804597701,3.1726021831931894,0.0,15,26,38,50,99,170,240,260,300,300,300
POST,/usuarios,180,6,18,479.46840888924066,6.166100007249042,10920.169399993028,67.66666666666667,3.2820022584757136,0.10940007528252378,19,42,88,130,370,2600,10000,11000,11000,11000,11000
GET,GET /tickets,344,11,19,380.89002209287787,1.4993000077083707,11066.88289999147,997.2587209302326,6.272270982864697,0.20056680468462693,19,37,67,100,270,1900,10000,11000,11000,11000,11000
POST,POST /tickets,174,0,19,105.77837298671051,6.17969999439083,11251.130999997258,205.3735632183908,3.1726021831931894,0.0,19,30,34,55,92,160,280,540,11000,11000,11000
POST,POST /usuarios,142,4,25,709.8009330972711,5.631999985780567,10954.68520000577,67.05633802816901,2.5891351150197295,0.07293338352168252,26,66,100,160,2100,2700,11000,11000,11000,11000,11000
,Aggregated,1014,21,19,338.47827593633156,1.4993000077083707,11251.130999997258,405.5493096646943,18.48861272274652,0.3829002634888332,19,35,61,86,230,1800,2900,11000,11000,11000,11000
