Type,Name,Request Count,Failure Count,Median Response Time,Average Response Time,Min Response Time,Max Response Time,Average Content Size,Requests/s,Failures/s,50%,66%,75%,80%,90%,95%,98%,99%,99.9%,99.99%,100%
POST,/tecnicos,29,0,6,13.58123793033883,4.267400014214218,96.91289998590946,63.0,1.07587835160805,0.0,6,8,9,12,26,76,97,97,97,97,97
POST,/usuarios,29,0,8,16.679817248649638,5.576100025791675,99.142299965024,71.0,1.07587835160805,0.0,8,9,11,13,52,97,99,99,99,99,99
GET,GET /tickets,64,0,7,13.466343747495557,5.19009999698028,131.54209998901933,1051.0,2.374352224238455,0.0,7,9,9,10,22,52,76,130,130,130,130
POST,POST /tickets,29,0,9,14.033010339862185,6.290299992542714,70.10249997256324,209.0,1.07587835160805,0.0,9,12,14,15,20,63,70,70,70,70,70
POST,POST /usuarios,39,0,7,13.598166667342854,5.054500012192875,148.09329999843612,70.0,1.4468708866453084,0.0,7,8,9,10,25,38,150,150,150,150,150
,Aggregated,190,0,8,14.087907367961874,4.267400014214218,148.09329999843612,420.7421052631579,7.048858165707912,0.0,8,9,10,13,22,63,97,130,150,150,150
